CELL_LINE_NAME	AEW541	Nilotinib	17-AAG	PHA-665752	Lapatinib	Nutlin-3	AZD0530	PF2341066	L-685458	ZD-6474	Panobinostat	Sorafenib	Irinotecan	Topotecan	LBW242	PD-0325901	PD-0332991	Paclitaxel	AZD6244	PLX4720	RAF265	TAE684	TKI258	Erlotinib
1321N1	0		-1	1	1	1	0	1	1	0	-1	1		-1	1	0		-1	1	1	0	0	0	1
22Rv1	0	1	-1	0	0	0	0	0	1	1	-1	0	-1	-1	1	-1	0	-1	-1	0	0	0	0	1
42-MG-BA	0		-1	0	0	0	0	0	0	-1	-1	0		-1	0	0		-1	0	0		0	0	0
5637	0	0	-1	1	0	1	0	1	1	0	-1	0	-1	-1	1	0	1	-1	0	0	0	0	0	0
639-V	0	0	-1	1	1	1	0	0	1	0	-1	1	-1	-1	1	-1	0	-1	0	1	0	0	0	1
697	0	-1	-1	0	0	-1	0	-1	-1	-1	-1	0	-1	-1	0	-1	-1	-1	-1	0	-1	-1	-1	0
769-P	0	0	-1	0	0	0	-1	1	1	0	-1	1	0	-1	0	0	0	-1	0	1	-1	0	0	0
786-O	0	0	-1	1	0	1	1	0	1		-1	0	-1	-1	1	0	1	-1	1		0	0	0	1
8305C	0	0	-1	0	0	0	0	0	0	0	-1	0	-1	-1	0	-1	0	-1	-1	-1	-1	0	0	1
8505C	1	0	-1	1	1	1	1	1	1	1	-1	1	-1	-1	1	-1	1	-1	0	1	0	0	0	1
8-MG-BA	0		-1	-1	0	0	0	0	1	0	-1	1		-1	-1	0		-1	1	1		0	0	0
A172	1	1	-1	1	1	1	1	1	1	0	-1	1	-1	-1	1	0	1	-1	1	1	0	0	0	1
A-204	0	0	-1	0	1	1	0	0	1	0	-1	-1	-1	-1	1	0	0	-1	1	1	-1	0	-1	1
A2058	0	1	-1	1	1	1	0	0	1	0	-1	1	-1	-1	0	-1	1	-1	0	0	0	0	0	1
A-253	0	1	-1	1	0	0	0	1	1	0	-1	1		-1	0	0	1	-1	0	1	0	0	1	0
A2780	0	1	-1	1	0	0	1	0	0	0	-1	0	-1	-1	1	-1	0	-1	-1	1	-1	0	0	1
A-375	0	0	-1	1	1	1	0	0	1	0	-1	0	-1	-1	1	-1	1	-1	-1	-1	-1	0	0	1
A549	0	0	-1	1	0	1	1	1	1	1	-1	0	0	0	1	-1	1	-1	0	1	0	0	0	1
A-673	0		-1	1	1	0	0	0	1	0	-1	1		-1	0	0	1	-1	0	0	0	0	0	1
ACHN	0		-1	1	0	1	0	1	1	0	-1	0		-1	1	0		-1	0	1	-1	0	0	0
ALL-SIL	0	-1	-1	0	0	0	-1	-1	-1	-1	-1	-1	-1	-1	0	0	0	-1	0	0	-1	-1	-1	0
AMO-1	-1	0	-1	0	0	0	1	0	0	0	-1	0	-1	-1	0	-1	0	-1	0	1	0	-1	0	0
AN3 CA	1	1	-1	0	1	0	1	1	1	0	-1	1		0	0	0	0	-1	0	1	0	1	0	1
AsPC-1	0	1	-1	1	1	1	0	0	1	0	-1	1	-1	0	1	-1	1	-1	-1	1	0	0	0	1
AU565	0	0	-1	1	-1	1	1	0	0	0	-1	0		-1	0	1	0	-1	1	0	0	1	0	1
AZ-521	-1	0	-1	1	0	0	-1	0	0	0	-1	0	-1	-1	0	-1	0	-1	0	0	-1	-1	-1	0
B-CPAP	0	0	-1	0	1	0	0	0	1	0	-1	0	-1	-1	0	-1	1	-1	-1	0	-1	0	0	1
BDCM	1	1	-1	1	1	1	0	1	1	-1	-1	1		-1	1	-1	0	-1	0	1	0	1	0	1
BFTC-909	0	1	-1	1	1	1	1	1	1	0	-1			-1	1	0	1	-1	1	1	0	0	0	1
BGC-823	0	1	-1	1	1	1	1	0	1	0	-1	1	-1	0	1	1	1	-1	1	1	0	0	0	1
BL-41	1	1	-1	1	0	1	1	0	1	1	-1	1	-1	-1	1	1	1	-1	1	1	0	1	0	1
BL-70	0	1	-1	1	1	1	-1	0	1	0	-1	1	-1	-1	1	1	0	-1	1	0	0	0	0	1
BT-20	0	1	0	1	0	1	0	0	1	0	-1	1	-1	-1	1	1	1	-1	1	1	0	0	1	0
BT-474	0	0	-1	1	-1	1	0	1	0	0	-1	0		1	1	0	0	-1	1	1	0	1	1	1
BT-549	0	0	-1	1	0	1	0	0	1	0	-1	0	-1	-1	0	1	1	-1	1	1	-1	0	0	1
BxPC-3	0		-1	0	0	0	0	0	1	0	-1	1		-1	-1	-1		-1	0	0		0	0	0
C2BBe1	0	0	-1	1	0	1	-1	0	1	0	-1	1		0	0	-1	0	-1	0	1	0	0	0	0
C32	0	1	-1	1	1	1	1	1	1	1	-1	1	-1	-1	1	-1	1	-1	0	0	0	0	1	1
C3A	0		-1	0	0	1	0	0	0	0	-1	0		-1	0	-1	1	-1	0	1	0	0	1	1
Caki-2	0	1	0	1	0	1	0	1	1	0	-1	1	0	0	1	0	1	-1	0	1	0	0	0	0
CAL-12T	-1		-1	0	0	0	0	0		-1	-1	0		0	0	-1		-1	0	0		-1	0	0
CAL 27	0		-1	0	0	1	0	0	1	-1	-1	1		-1	1	-1	1	-1	-1	1	0	0	0	-1
CAL-78	0	0	-1	1	1	1	0	0	0	1	-1	1	-1	-1	0	1	1	-1	1	1	0	0	0	0
CAL-85-1	0	1	-1	1	0	1	0	1	1	0	-1	1	-1	-1	0	-1	1	-1	0	1	-1	0	1	-1
Calu-1	1	1	-1	1	1	1	1	1	1	1	-1	1	0	0	1	-1	1	-1	0	1	0	0	0	1
Calu-3	0	1	-1	1	-1	1	-1	1	1	0	-1	0		-1	0	0	1	-1	-1	1	0	0	1	0
Calu-6	0		-1	1	1	1	0	0		0	-1	0		-1	0	-1		-1	0	0		-1	0	1
CAMA-1	1	1	-1	1	1	1	1	1	0	1	-1	1	-1	0	0	1	1	-1	1	1	0	1	1	1
Capan-2	0	0	-1	1	0	0	0	0	1	0	-1	1	0	0	1	-1	1	-1	0	1	0	-1	1	1
CAS-1	0	1	-1	1	1	1	0	0	1	1	-1	1	-1	0	1	0	1	-1	1	1	0	0	1	1
CCK-81	0		-1	0	-1	0	0	1	1	-1	-1	1		-1	0	-1		-1	-1	1	0	0	0	0
CHL-1	0	1	-1	0	-1	1	0	1	1	0	-1	0	-1	-1	1	0	1	-1	0	1	-1	0	0	0
CHP-212	-1		-1	0	1	0	-1	0	0	0	-1	0		-1	-1	-1		-1	-1	1	0	-1	0	1
CI-1	0	1	-1	0	1	0	0	0	1	-1	-1	1	-1	-1	1	0	0	-1	0	1	0	0	0	1
CMK-86	0	0	-1	0	0	0	0	-1	0	1	-1	0	-1	-1	1	0	-1	-1	0	0	-1	-1	-1	0
COLO 201	0	0	-1	1	1	1	0	0	1	1	-1	0		-1	0	-1	0	-1	-1	-1	-1	-1	0	1
COLO 205	0	0	-1	0	1	0	1	0	0	0	-1	0		-1	0	-1	0	-1	-1	-1	-1	-1	0	0
COLO-320	-1	0	-1	1	0	1	1	0	1	0	-1	0	-1	-1	1	1	0	-1	1	1	-1	-1	0	0
COLO-677	0	0	-1	0	0	0	1	0	0	0	-1	0	-1	-1	0	-1	0	-1	0	1	0	0	0	1
COLO-678	0	1	-1	1	0	0	0	1	1	0	-1	0	0	0	0	-1	1	-1	0	1	0	0	0	0
COLO-679	0	0	-1	1	1	0	1	1	1	1	-1	1	-1	-1	1	-1	1	-1	-1	-1	-1	0	0	1
COLO-699	0	0	-1	1	0	1	0	0	0	0	-1	0	-1	-1	1	0	0	-1	1	1	0	0	0	1
COLO 741	0		-1	0	1	0	1	0	0	0	-1	1		-1	-1	-1		-1	-1	0		0	0	0
COR-L105	1		0	1	0	1	0	1	1	0	-1	1		0	1	0		-1	0	1	0	1	0	0
COR-L23	0	1	-1	1	1	1	1	1	1	1	-1	0	-1	-1	1	0	1	-1	1	1	0	0	1	1
COV318	0	0	0	1	1	1	0	1	1	0	-1	1	-1	-1	1	1	1	-1	1	0	0	0	0	1
COV504	0	1	-1	1	1	1	0	1	1	0	-1	1		0	1	0	1	-1	1	1	0	0	1	1
Daoy	0	1	-1	1	1	1	1	1	1	0	-1	1	-1	-1	0	1	1	-1	1	1	0	0	0	1
DBTRG-05MG	0	1	-1	0	1	0	0	1	1	0	-1	0	-1	-1	1	-1	1	-1	-1	0	-1	0	0	1
DEL	0	0	-1	-1	0	0	0	-1	-1	-1	-1	0	-1	-1	0	0	0	-1	0	0	-1	-1	0	1
Detroit 562	1	0	-1	0	1	0	0	1	1	0	-1	1		0	0	0	0	-1	0	1	0	0	1	0
DK-MG	1	1	-1	1	1	1	1	0	1	0	-1	1	0	0	1	0	0	-1	0	1	0	1	0	1
DMS 114	-1	0	-1	0	1	1	1	-1	0	0	-1	0		-1	0	1	0	-1	0	1	0	0	0	1
DOHH-2	-1	0	-1	0	0	0	0	0	-1	-1	-1	-1	-1	-1	1	0	0	-1	1	0	-1	0	-1	0
DOV13	0	0	-1	1	1	1	1	1	1	0	-1	0	-1	-1	0	1	1	-1	1	1	0	0	0	1
DU 145	0	1	-1	1	0	1	0	0	1	0	-1	1	-1	-1	1	0	1	-1	0	1	-1	0	0	0
DV-90	0		-1	-1	0	0	0	1	0	0	-1	1		-1	-1	-1		-1	-1	1		0	0	0
EB1	0	1	-1	0	1	1	0	1	1	0	-1	1		-1	0	0	0	-1	1	1	0	1	0	1
EB2	1	1	0	1	1	1	1	1	1	0	-1	1		-1	0	1	1	-1	1	1	1	1	1	1
EBC-1	0	1	-1	0	0	1	0	-1	1	0	-1	1	-1	-1	0	-1	0	-1	-1	1	0	0	1	1
EFE-184	0	1	0	1	0	1	0	1	1	0	-1	1	-1	0	1	0	1	-1	0	1	0	1	1	0
EFM-19	0	1	-1	0	0	1	0	0	1	0	-1	1	-1	0	-1	1	0	-1	1	1	0	0	0	1
EFO-21	0	1	-1	1	0	1	0	1	1	0	-1	0	0	-1	0	0	1	-1	0	1	0	0	0	1
EFO-27	1	1	-1	1	0	1	0	1	1		-1	1	-1	-1	1	0	1	-1	1		-1	1	0	0
EM-2	0	-1	-1	0	1	0	-1	-1	-1	-1	-1	0	-1	-1	0	-1	0	-1	-1	0	-1	-1	0	0
EN	0	1	-1	1	1	1	0	1	1	1	-1	1	0	0	1	0	1	-1	1	1	0	0	1	1
ES-2	1		-1	1	1	1	1	1	1	1	-1	1		-1	0	-1	1	-1	0	0	0	1	1	1
ESS-1	0		-1	-1	0	0	0	0		0	-1	1		-1	-1	0		-1	0	0		0	0	0
F-36P	-1	0	-1	0	0	0	1	0	0	0	-1	0	-1	0	0	-1	1	-1	-1	1	-1	-1	-1	0
FaDu	0	0	-1	1	0	1	0	1	1	0	-1	1		-1	0	-1	1	-1	-1	1	0	0	0	0
FU97	0		-1	0	1	1	0	1	1	0	-1	0		0	1	0		-1	0	0	0	0	0	1
FU-OV-1	-1	1	0	1	0	1	0	1	1	0	-1	0	0	0	1	-1	1	-1	0	1	0	0	0	0
G-361	0	0	-1	0	0	0	0	0	1	0	-1	0	-1	-1	0	-1	0	-1	-1	0	-1	0	0	0
G-401	-1	0	-1	0	1	0	0	0	0	0	-1	0	-1	-1	0	-1	0	-1	0	0	-1	-1	0	1
G-402	1		-1	0	1	0	0	0	1	1	-1	0		-1	1	0		-1	1	1	0	0	0	1
GAMG	1		-1	0	1	1	1	1	1	1	-1	1		0	0	1		-1	1	1		1	1	1
GB-1	0	1	-1	1	1	1	0	0	1	0	-1	0	-1	-1	1	-1	1	-1	0	0	-1	0	0	1
GCIY	0	0	-1	1	0	1	0	1	1	0	-1	1		0	0	0	1	-1	1	1	0	0	1	0
GCT	0	0	-1	0	0	1	0	0	0	0	-1	1	-1	-1	-1	-1	0	-1	0	0	-1	-1	0	0
GI-1	0		-1	1	1	0	0	0	1	0	-1	1		-1	1	0		-1	0	0		0	0	1
GLC-82	0	1	-1	0	1	1	1	1	1	0	-1	1	-1	0	1	1	1	-1	1	1	0	0	0	0
GMS-10	0	1	-1	1	1	1	0	1	1	0	-1	1	0	0	0	0	1	-1	1	1	0	0	1	1
GRANTA-519	0	0	-1	1	1	0	-1	0	0	-1	-1	1	-1	-1	1	0	0	-1	0	1	0	-1	0	1
H4	1	0	-1	0	1	0	0	0	1	0	-1	1		-1	1	1	0	-1	1	0	0	0	0	1
HARA	1		-1	1	0	1	0	1	1	0	-1	1		-1	1	0		-1	1	1	0	0	0	0
HCC1187	1	1	0	1	1	1	1	1	-1	0	-1	1		0	1	0	1	-1	1	1	0	1	1	1
HCC1395	0		-1	1	1	1	0	1	1	0	-1	1		-1	0	0		-1	0	1		1	0	0
HCC-15	0	1	-1	0	0	0	0	0	1	0	-1	0		-1	0	0	1	-1	0	0	0	0	0	1
HCC1569	1	1	-1	1	1	1	1	1	1	0	-1	1	-1	0	1	1	1	-1	1	1	1	1	1	1
HCC1806	0	0	-1	1	0	0	-1	0	1	0	-1	0		-1	0	-1	1	-1	0	1	-1	0	0	-1
HCC1954	0	0	-1	1	-1	1	0	1	1	0	-1	1		0	0	0	0	-1	0	1	0	0	1	0
HCC2935	0	1	-1	1	0	1	-1	1	1	-1	-1	1	0	-1	1	0	1	-1	0	0	0	0	1	-1
HCC4006	0	0	-1	1	0	1	-1	0	0	-1	-1	1	-1	0	1	0	0	-1	1	1	0	0	0	-1
HCC-44	0		-1	0	1	1	1	1	1	0	-1	0		-1	-1	0		-1	0	0	0	0	1	1
HCC-56	0	1		1	1	1	0	1		0	-1	1	0	0	1	-1	1	-1	-1	1	0	0	1	1
HCC70	0	1	-1	1	0	1	0	1	1	0	-1	0	-1	-1	1	-1	1	-1	0	1	0	0	0	1
HCC-78	1	1	0	0	1	1	1	0	1	0	-1	1		-1	1	1	1	-1	1	1	1	0	1	1
HCC827	0		-1	1	0	1	-1	1	0	-1	-1	0		0	1	0		-1	1	1		0	1	-1
HCT 116	0	1	-1	0	1	0	1	0	1	1	-1	0	-1	-1	1	-1	1	-1	0	1	-1	0	0	1
HCT-15	0	0	-1	1	0	1	0	1	1	1	-1	0	-1	-1	0	0	1	-1	0	1	-1	0	0	1
HD-MY-Z	0		-1	0	0	1	0	0		1	-1	0		-1	1	-1		-1	-1	0		0	0	0
HDQ-P1	0	-1	-1	0	-1	0	-1	0	-1	-1	-1	1	-1	-1	0	-1	-1	-1	0	1	-1	0	0	0
HEC-151	1	0	-1	0	0	1	0	0	0	-1	-1	0	-1	-1	0	-1	0	-1	-1	1	-1	0	0	-1
HEC-1-A	0	0	-1	1	1	1	0	1	1	1	-1	0		-1	0	0	1	-1	0	1	0	0	0	1
HEC-1-B	0	0	-1	1	0	1	-1	0	0	0	-1	0	0	-1	0	-1	0	-1	-1	1	0	0	0	0
HEC-251	0	1	-1	1	0	1	0	1	0	0	-1	0	0	-1	1	0	1	-1	0	1	-1	0	0	0
HEC-265	1	0	-1	0	1	1	1	0	1	0	-1	0	-1	-1	0	1	1	-1	1	1	-1	1	0	1
HEC-59	1	1	-1	1	1	1	1	0	0	1	-1	0	-1	-1	1	1	1	-1	1	1	-1	0	1	1
HEC-6	0	0	-1	0	0	0	0	0	0	-1	-1	0	-1	-1	0	0	0	-1	1	0	0	0	0	0
HEL 92.1.7	0	1	-1	1	1	1	0	1	1	0	-1	1		-1	0	0	1	-1	0	1	0	0	0	1
Hep 3B2.1-7	0	0	-1	1	1	0	0	0	1	0	-1	0	0	0	1	-1	1	-1	0	1	0	-1	0	1
Hep G2	0	1	-1	1	1	0	1	0	1	0	-1	1	-1	-1	0	-1	0	-1	-1	0	0	0	0	1
Hey-A8	0	1	-1	1	1	1	0	0	1		-1	0	-1	-1	1	-1	1	-1	0		-1	0	0	1
HGC-27	0	0	-1	1	1	1	0	0	0	0	-1	1	0	-1	1	1	0	-1	1	1	0	-1	0	1
HH	0	0	-1	1	0	0	0	0	0	0	-1	0		-1	0	0	0	-1	0	1	0	0	1	1
HLE	1	1	-1	1	1	1	0	1	1	0	-1	1	-1	-1	1	0	1	-1	1	1	0	0	0	1
HLF	0	1	-1	1	1	0	0	1	1	0	-1	0	-1	-1	0	0	1	-1	0	0	0	0	0	0
HMC-1-8	0	1	-1	1	1	1	1	0	1	1	-1	1	0	-1	1	-1	1	-1	-1	1	1	0	1	1
HMCB	0	0	-1	0	0	1	0	1	1	0	-1	0	-1	-1	1	0	1	-1	1	1	-1	0	0	0
HOS	0	1	-1	0	0	0	1	0	1	0	-1	1	-1	-1	0	0	0	-1	1	1	0	0	1	1
HPAC	0	0	-1	0	0	0	0	0	1	0	-1	0	-1	-1	0	-1	0	-1	-1	0	0	0	0	0
HPAF-II	0		-1	0	0	0	0	0	0	0	-1	1		-1	0	-1		-1	-1	1	0	0	0	0
Hs 229.T	1	1	-1	0	1	1	1	1	1	0	-1	1		0	1	1	1	-1	1	1	0	0	0	1
Hs 294T	0	1	-1	1	1	0	0	0	1	0	-1	1	-1	-1	0	-1	1	-1	0	0	0	0	0	0
Hs 578T	1	1	-1	1	1	1	1	1	1	1	-1	1		0	0	0	1	-1	1	1	0	0	0	1
Hs 683	0	1	-1	1	1	1	0	0	1	1	-1	1	-1	-1	1	0	1	-1	1	1	0	0	0	1
Hs 695T	0	1	-1	1	1	1	1	1	1	0	-1	1	-1	-1	0	-1	1	-1	0	0	0	0	0	1
Hs 729	0		-1	0	1	0	0	0	1	0	-1	1		-1	0	1		-1	0	1	0	0	0	1
Hs 739.T	0	0	-1	1	1	0	0	0	1	0	-1	0	-1	-1	1	0	0	-1	1	1	0	-1	0	1
Hs 746T	0	0	-1	0	0	0	0	-1	0	0	-1	1		-1	0	-1	0	-1	0	1	-1	0	0	1
Hs 766T	1	1	-1	1	1	0	0	0	1	0	-1	1	0	0	1	-1	0	-1	-1	1	0	0	0	0
Hs 840.T	0	1	-1	0	1	1	0	0	1	-1	-1	1	-1	0	1	0	0	-1	0	1	-1	0	0	1
Hs 852.T	0	0	-1	1	1	1	0	0	1	0	-1	1	0	0	1	-1	1	-1	0	1	0	-1	0	1
Hs 895.T	0	0	-1	1	1	1	1	0	1	0	-1	0		0	0	0	0	-1	1	0	-1	0	-1	1
Hs 936.T	1	1	-1	1	1	1	1	1	1	0	-1	1	0	0	1	-1	1	-1	-1	0	0	1	1	1
Hs 939.T	1	0	-1	0	1	1	0	1	1	0	-1	1		0	0	-1	0	-1	-1	0	0	1	0	1
Hs 944.T	0	1	-1	1	1	1	0	0	1	0	-1	0	-1	-1	-1	-1	1	-1	-1	0	-1	0	0	1
HSC-2	1	1	-1	1	0	1	0	1	1	0	-1	0	-1	-1	1	1	1	-1	1	1	0	1	0	0
HT	1	1	-1	1	0	0	0	0	-1	0	-1	0		-1	0	0	1	-1	0	1	0	-1	1	0
HT-1080	0		-1	1	1	1	1	0	1	0	-1	1		-1	0	-1	1	-1	0	1	0	0	0	1
HT-1197	0	1	0	1	1	1	0	1	1	0	-1	1	0	0	1	-1	1	0	0	1	0	0	0	1
HT-1376	0	1	-1	1	0	0	0	0	1	0	-1	1	0	1	0	0	1	-1	0	0	-1	0	0	0
HT-144	0	0	-1	1	0	0	1	0	1	0	-1	0	-1	-1	1	-1	1	-1	-1	-1	-1	0	0	0
HT-29	0	1	-1	1	0	1	0	0	1	0	-1	0	-1	-1	1	-1	1	-1	-1	0	-1	-1	0	1
HuCCT1	1	1	-1	1	0	1	1	0	1	0	-1	1	-1	-1	1	-1	1	-1	0	1	0	0	0	1
huH-1	0	1	-1	1	1	1	0	1	1	1	-1	1	-1	-1	1	1	0	-1	1	1	0	0	0	1
HUP-T3	0	1	-1	1	1	1	0	1	1	0	-1	1	-1	0	0	-1	1	-1	0	1	0	1	0	1
HUP-T4	-1	0	-1	0	0	0	-1	0	0	-1	-1	1		-1	0	-1	0	-1	-1	1	-1	-1	0	0
HuT 78	0	0	-1	0	0	0	0	0	0	0	-1	0		-1	-1	-1	0	-1	-1	1	0	0	0	0
IA-LM	0	0	0	0	0	1	1	0	1	0	-1	0	-1	-1	0	0	1	0	1	1	-1	1	0	1
IGR-37	0	0	-1	1	1	0	0	0	1	0	-1	0	-1	-1	1	-1	0	-1	-1	-1	-1	0	0	1
IGR-39	0	1	-1	0	1	1	0	0	1	0	-1	1	-1	-1	0	0	1	-1	0	1	0	0	0	1
IGROV1	1	1	-1	1	0	1	0	1	1		-1	0	-1	-1	1	0	1	-1	0		0	0	0	0
IM95	0	0	-1	-1	0	1	0	0	-1	-1	-1	1		-1	0	-1	-1	-1	-1	0	0	1	0	-1
IMR-32	0	0	0	1	1	0	0	0	1	0	-1	1		-1	1	0	0	-1	1	0	0	-1	0	1
IPC-298	0	1	-1	1	1	1	1	1	1	0	-1	0	-1	-1	1	-1	1	-1	-1	0	-1	1	0	0
Ishikawa (Heraklio) 02 ER-	0		-1	0	0	0	0	0	0	0	-1	0		-1	0	0		-1	0	0		0	0	0
IST-MES1	0	0	0	1	0	0	0	0	1	0	-1	0	-1	-1	1	1	0	-1	1	1	0	0	0	1
IST-MES2	0	0	-1	1	0	0	0	0	1	0	-1	0	-1	-1	1	0	0	-1	1	0	-1	0	0	1
J82	0		-1	0	1	1	1	1	1	0	-1	1		-1	0	0	1	-1	0	1	0	1	0	1
JHH-2	0	1	0	1	1	1	0	1	1	0	-1	1	-1	-1	1	0	1	-1	1	1	0	1	0	1
JHH-4	0	0	0	0	0	1	0	1	1	0	-1	0	-1	-1	0	0	1	-1	0	0	0	1	1	1
JHH-5	0		-1	1	0	1	0	1	1	-1	-1	1		-1	1	-1		-1	0	1	0	0	1	0
JHH-6	1	1	-1	1	1	1	1	1	1	0	-1	1	0	1	1	1	1	-1	1	1	1	1	1	1
JHH-7	0		-1	0	0	0	0	0		0	-1	0		-1	0	-1		-1	0	0		-1	0	0
JHOS-2	0	0	0	0	0	1	1	1	0	0	-1	1		-1	0	0	1	-1	0	0	0	0	0	1
JHOS-4	0	0	0	1	0	0	0	0	1	0	-1	1		-1	-1	0	1	-1	0	1	0	0	0	0
JHUEM-2	1		-1	1	1	0	0	0	0	0	-1	1		-1	0	0		-1	1	0		0	0	1
JM1	1	0	-1	1	1	1	1	1	0	1	-1	1		-1	1	1	0	-1	1	1	0	1	1	0
JMSU-1	0	0	-1	0	1	1	0	0	0	0	-1	0	-1	-1	1	0	0	-1	0	0	-1	-1	-1	0
JURKAT	0	0	-1	0	0	0	-1	-1	0	-1	-1	0	-1	-1	0	0	0	-1	0	0	-1	-1	-1	0
JVM-3	0	0	-1	0	0	-1	0	0	0	-1	-1	0	-1	-1	0	-1	-1	-1	-1	0	-1	-1	-1	0
K029AX	0	0	-1	0	0	0	1	0	1	0	-1	0	-1	-1	1	-1	1	-1	-1	0	-1	0	0	1
KALS-1	1	1	-1	1	0	0	0	0	1	0	-1	1	-1	-1	0	-1	0	-1	0	0	-1	0	0	1
KARPAS-299	1	1	-1	0	1	1	1	0	1	1	-1	1		-1	0	0	1	-1	0	1	0	-1	1	1
KARPAS-422	0	1	-1	0	1	1	0	0	0	1	-1	1	-1	-1	1	0	1	-1	0	1	-1	0	0	1
KARPAS-620	-1	1	-1	0	1	1	0	0	0	0	-1	0	-1	-1	0	-1	0	-1	-1	1	0	-1	1	0
KASUMI-2	0	0	-1	0	1	0	0	0	0	0	-1	0	-1	-1	0	-1	0	-1	0	0	-1	0	0	0
KCI-MOH1	0		-1	0	0	0	0	0	1	0	-1	0		-1	0	-1		-1	0	1		-1	0	0
KCL-22	0	-1	-1	0	0	0	-1	-1	0	-1	-1	0	-1	-1	0	-1	0	-1	-1	1	-1	-1	0	0
KE-39	0	0	-1	1	0	1	1	1	1	0	-1	1		0	1	0	0	-1	1	1	0	0	0	0
KE-97	0	1	-1	1	1	0	0	0	0	0	-1	0	-1	-1	1	1	0	-1	1	0	-1	0	0	0
KELLY	0		-1	1	1	1	1	0	1	0	-1	1		-1	1	0		-1	1	1		0	1	1
KG-1	0	0	-1	0	0	0	1	0	1	-1	-1	0	-1	-1	0	-1	0	-1	0	0	-1	-1	-1	0
KHM-1B	-1	0	-1	0	0	0	1	0	0	0	-1	0	-1	-1	1	-1	0	-1	-1	1	0	-1	0	0
KLE	0	0	0	0	0	0	0	0	1	0	-1	0	0	0	0	0	0	-1	1	1	0	1	0	0
KMBC-2	1	1	-1	0	1	1	1	1	1	0	-1	1	-1	-1	0	-1	1	-1	0	1	0	1	0	1
KMM-1	0	0	-1	0	0	1	0	0	0	0	-1	0	-1	-1	1	-1	0	-1	-1	1	0	-1	0	1
KMRC-1	0	1	-1	1	1	0	0	1	0	0	-1	1	-1	-1	1	0	0	-1	0	1	0	0	0	0
KMRC-2	0	1	-1	1	0	0	-1	0	1	-1	-1	1	0	-1	1	0	1	-1	0	0	0	0	0	0
KMS-11	-1	-1	-1	0	0	0	1	0	0	-1	-1	-1	-1	-1	0	0	0	-1	0	0	-1	-1	-1	1
KMS-12-BM	-1	0	-1	1	0	0	1	1	0	0	-1	1		-1	1	0	-1	-1	0	1	-1	0	0	0
KMS-26	-1	0	-1	1	0	0	1	0	0	0	-1	0	-1	-1	1	0	-1	-1	0	1	0	-1	0	0
KMS-34	-1	0	-1	0	0	1	0	0	-1	0	-1	0	-1	-1	1	1	0	-1	0	0	0	-1	0	1
KNS-42	0	1	-1	0	1	1	0	1	1	0	-1	1	-1	-1	0	0	0	-1	0	0	0	0	0	1
KNS-60	0	1	-1	0	1	1	1	1	1	0	-1	1	-1	-1	0	0	0	-1	0	1	0	0	0	1
KNS-62	0		-1	0	1	1	1	1	1	0	-1	1		-1	0	0		-1	0	1	0	1	1	1
KNS-81	0	0	-1	0	1	0	0	1	0	0	-1	1	-1	-1	0	0	0	-1	0	1	0	0	0	0
KO52	0	0	-1	0	1	1	1	0	0	0	-1	0	-1	-1	0	-1	0	-1	-1	0	-1	0	-1	0
KP-1N	0	1	-1	1	1	1	0	1	1	0	-1	0	-1	0	1	1	1	-1	0	1	0	0	1	1
KP-1NL	1	1	0	1	1	1	1	0	1	1	-1	0	0	0	1	0	1	-1	0	1	0	0	1	1
KP-2	0	1	-1	1	1	1	1	1	1		-1	1	0	0	1	-1	1	-1	-1		0	0	0	1
KP-3	1	1	-1	1	1	0	0	1	1	1	-1	0	0	-1	1	0	1	-1	1	0	0	0	1	1
KP4	0	1	-1	0	1	1	1	0	0	0	-1	0	-1	-1	1	0	0	-1	0	1	0	0	0	1
KP-N-SI9s	-1	0	-1	0	0	0	0	0	0	0	-1	0	-1	-1	0	-1	-1	-1	-1	0	0	-1	0	0
KU812	1	-1	-1	1	0	1	-1	0	1	-1	-1	1	-1	-1	0	-1	0	-1	-1	1	-1	1	0	0
KURAMOCHI	0	0	-1	0	0	0	-1	0	0	0	-1	0	-1	-1	1	-1	0	-1	-1	0	0	-1	0	0
KYM-1	0		-1	-1	1	0	0	0	1	0	-1	0		-1	-1	0		-1	0	1		0	0	1
KYSE-140	0		0	0	-1	1	0	1		0	-1	1		-1	0	0		-1	1	1		0	0	-1
KYSE-150	1		-1	1	0	1	1	1	1	0	-1	1		0	0	0		-1	1	1	0	1	0	0
KYSE-180	0		-1	1	0	1	0	0		0	-1	1		-1	0	1		-1	1	0		0	0	0
KYSE-30	0	1	-1	1	0	1	0	0	1	0	-1	1	-1	-1	0	-1	1	-1	-1	0	0	0	0	0
KYSE-410	0	0	-1	0	0	1	0	0	1	0	-1	1	0	0	1	0	1	-1	1	1	0	0	1	1
KYSE-450	0		-1	1	0	1	0	1	0	0	-1	1		-1	1	0		-1	0	1		0	0	0
KYSE-510	0		-1	0	1	0	1	1	1	1	-1	0		-1	0	1		-1	1	1		0	0	1
KYSE-520	0	0	-1	1	0	1	0	1	1	0	-1	1	0	0	0	0	1	-1	0	1	0	0	1	0
KYSE-70	-1		-1	0	0	0	0	0		0	-1	0		-1	0	-1		-1	0	0		0	0	0
L3.3	0	1	-1	1	0	1	1	1	1	0	-1	1	-1	-1	1	0	1	-1	0	1	-1	0	0	0
L-363	-1	0	-1	-1	0	0	0	-1	0	0	-1	0	-1	-1	-1	0	-1	-1	0	0	-1	-1	-1	0
L-428	0	0	-1	0	0	0	1	0	0	0	-1	0	-1	-1	0	1	0	-1	1	0	-1	0	0	1
LC-1/sq-SF	0	1	-1	1	1	1	1	1	1	0	-1	1		0	1	0	1	-1	0	1	0	1	0	0
LCLC-103H	0	1	-1	0	1	1	1	1	1	0	-1	1	-1	-1	0	1	1	-1	0	1	0	0	0	1
LN-18	0	1	-1	0	1	1	0	0	0		-1	1	-1	-1	0	0	1	-1	1		0	0	0	1
LN-229	0	0	-1	1	1	0	0	0	1	0	-1	1		0	1	0	0	-1	0	1	0	0	0	1
LOU-NH91	1	1	-1	1	1	1	0	0	1	0	-1	0	-1	-1	0	1	1	-1	1	0	0	0	0	0
LOX IMVI	1		-1	1	1	0	0	0	1	0	-1	0		-1	0	-1	1	-1	-1	0	0	0	0	1
LP-1	-1	-1	-1	0	0	0	1	-1	0	0	-1	0	-1	-1	1	0	-1	-1	0	1	0	-1	0	1
LS123	0	0	-1	1	1	1	0	0	1	0	-1	1		0	1	0	1	-1	0	0	0	0	1	1
LS411N	0		-1	0	1	1	1	1	0	0	-1	1		-1	0	-1		-1	-1	-1	0	0	0	1
LS513	-1	0	-1	0	-1	0	0	0	0	0	-1	0	-1	-1	1	-1	0	-1	-1	1	-1	-1	0	0
LU99	0	0	-1	1	0	0	0	0	0	0	-1	0	-1	-1	0	-1	0	-1	-1	0	-1	0	0	0
LUDLU-1	0	0	-1	1	0	0	0	0	1	0	-1	0		-1	0	0	0	-1	0	1	0	0	0	0
M059J	0	0	-1	1	1	1	0	1	1	1	-1	1		-1	-1	1	1	-1	1	1	0	0	0	1
Malme-3M	0	0	-1	1	0	1	1	0	1	0	-1	0	-1	0	0	-1	1	-1	-1	-1	-1	0	0	1
MB 157	-1	0	-1	1	0	0	0	0	0	0	-1	1	-1	-1	1	-1	1	-1	-1	0	0	0	0	0
MC116	1	1	-1	1	1	1	1	1	1	0	-1	0		-1	1	1	0	-1	1	1	1	1	1	1
MCAS	0	1	-1	1	0	1	0	0	1	0	-1	1	-1	-1	1	-1	1	-1	0	1	0	0	0	1
MCF7	0	1	-1	1	1	1	1	0	1	1		1	0	0	1	1	1	-1	0	0	1	0	1	1
MDA-MB-157	0	0	0	1	1	1	0	0	1	1	-1	0		-1	0	0	1	-1	0	1	0	0	0	1
MDA-MB-175-VII	0	1	-1	1	-1	1	0	0	1	1	-1	1		0	1	0	1	-1	0	1	0	1	1	0
MDA-MB-415	0	0	-1	1	1	1	0	0	1	1	-1	0		0	0	1	0	-1	1	1	0	1	0	1
MDA-MB-435S	0	0	-1	1	0	0	0	0	1	0	-1	0	-1	-1	1	-1	0	-1	-1	0	0	-1	1	1
MDA-MB-436	0	1	-1	1	1	0	0	0	1	1	-1	1		-1	0	0	1	-1	0	1	0	0	0	1
MDA-MB-453	0	1	-1	1	0	1	1	1	1	0	-1	0	-1	-1	1	0	1	-1	1	1	0	0	0	1
MDA-MB-468	0	0	-1	0	0	0	0	0	0	0	-1	0	-1	-1	0	0	0	-1	0	1	0	0	0	0
MEC-1	0	0	-1	0	0	0	0	0	0	0	-1	0	-1	-1	1	-1	0	-1	0	0	-1	0	0	0
MEG-01	0	-1	-1	1	1	1	-1	0	1	-1	-1	1	-1	-1	1	-1	1	-1	0	0	-1	1	0	1
MEL-HO	0	0	-1	1	0	1	0	0	1	0	-1	0	-1	-1	1	-1	1	-1	-1	-1	-1	0	0	1
MES-SA	1	1	-1	1	1	1	1	0	0	0	-1	1		-1	1	1	1	-1	1	1	0	0	1	1
MeWo	1	1	-1	1	1	1	1	1	0	0	-1	1	0	1	0	0	0	-1	1	1	0	0	1	1
MFE-280	0	1	-1	1	0	1	0	1	1	0	-1	1	-1	-1	1	0	1	-1	0	1	0	0	0	0
MFE-296	0		-1	1	1	1	0	0	1	0	-1	0		-1	0	0		-1	1	1	0	0	0	0
MFE-319	0		-1	0	0	0	-1	0	1	0	-1	1		-1	0	0		-1	0	1		0	0	0
MG-63	0	1	0	1	1	1	0	1	1	1	-1	1	-1	-1	1	0	0	-1	1	1	0	-1	0	1
MHH-ES-1	-1	-1	-1	0	0	0	-1	0	-1	0	-1	0	-1	-1	0	-1	-1	-1	-1	0	-1	-1	0	0
MIA PaCa-2	0	1	-1	0	1	1	0	0	1	0	-1	0	-1	-1	1	-1	1	-1	-1	1	0	-1	0	1
Mino	0	1	-1	1	0	1	1	0	1	0	-1	1	-1	-1	1	1	0	-1	1	0	-1	0	0	0
MJ	0	1	-1	1	1	0	1	0	1	0	-1	1		-1	1	1	0	-1	1	1	0	0	1	1
MKN-45	0	1	-1	-1	1	0	0	-1	0	1	-1	0	-1	-1	0	-1	1	-1	0	1	-1	0	0	1
MKN7	1	0	-1	1	0	0	1	0	1	0	-1	1	-1	-1	0	0	0	-1	0	1	0	-1	0	1
MKN74	0	1	-1	0	0	1	1	1	1	0	-1	1	0	-1	1	0	1	-1	1	1	0	1	0	1
MOG-G-CCM	1	1	-1	1	1	1	0	1	1	1	-1	1		0	1	1	1	-1	1	1	1	1	1	1
MOLP-8	-1	0	-1	0	0	0	1	0	0	0	-1	0	-1	-1	0	-1	-1	-1	-1	1	0	-1	0	1
MOLT-16	0	0	-1	-1	0	0	-1	0	0	0	-1	-1	-1	-1	0	0	-1	-1	0	0	-1	0	-1	0
MONO-MAC-1	-1	-1	-1	-1	-1	-1	-1	-1	-1	0	-1	-1	-1	-1	0	-1	-1	-1	-1	0	-1	-1	-1	-1
MOR/CPR	1		-1	0	1	1	1	1	1	0	-1	1		-1	0	0		-1	1	1		0	0	1
MPP 89	0	0	-1	1	1	0	1	0	1	0	-1	1	-1	-1	1	0	1	-1	1	1	0	0	0	1
MSTO-211H	0	0	-1	1	1	0	0	0	1	0	-1	0		-1	0	-1	0	-1	0	0	-1	0	0	1
NCI-H1048	0	1	-1	1	0	1	0	0	1	0	-1	0	-1	-1	1	0	1	-1	1	1	0	0	0	0
NCI-H1092	0	1	0	1	1	1	1	1	1	1	-1	1	-1	-1	1	1	1	0	1	1	0	1	0	1
NCI-H1155	0		-1	1	1	0	0	0	0	0	-1	1		-1	0	0		-1	1	0		0	0	0
NCI-H1184	0	1	-1	1	1	1	1	1	0	1	-1	1	-1	-1	0	1	0	-1	0	1	1	1	1	0
NCI-H1299	0		-1	0	1	0	0	0	1	0	-1	0		-1	0	-1		-1	-1	0	-1	0	0	0
NCI-H1339	0	0	-1	1	1	0	0	0	1	0	-1	0	-1	-1	0	0	0	-1	0	1	0	0	0	1
NCI-H1341	0	1	-1	0	0	1	0	0	1	0	-1	0	-1	-1	0	1	1	-1	1	1	0	-1	0	0
NCI-H1355	0	1	-1	1	0	0	0	0	1	0	-1	1		0	1	-1	0	-1	-1	0	-1	-1	0	0
NCI-H1373	0	1	-1	1	1	1	1	1	1	0	-1	1	0	0	1	1	1	-1	1	1	0	1	1	1
NCI-H1563	0	1	-1	1	1	0	1	0	1	0	-1	1		1	1	1	1	0	0	1	0	0	0	1
NCI-H1568	0	0	0	1	0	0	0	0	0	0	-1	0		-1	0	0	0	-1	0	0	-1	0	0	0
NCI-H1573	0	0	-1	1	0	0	0	0	1	0	-1	1		0	1	-1	0	-1	-1	0	0	0	0	0
NCI-H1581	1	0	-1	0	1	1	0	0	1	0	-1	1		-1	0	0	0	-1	0	1	0	0	0	1
NCI-H1648	0	0	0	1	0	0	1	0	1	0	-1	0		0	0	0	0	-1	0	0	-1	0	1	0
NCI-H1650	1	1	-1	1	0	0	0	1	0	-1	-1	0		0	1	1	1	-1	1	1	0	0	0	0
NCI-H1651	0	1	-1	1	0	0	0	0	1	1	-1	1		-1	0	1	1	-1	0	1	0	0	0	1
NCI-H1666	0	1	-1	1	-1	1	0	0	1	-1	-1	0	-1	-1	0	-1	1	-1	-1	1	0	0	0	-1
NCI-H1693	0	0	0	0	0	0	0	0	1	0	-1	1	-1	-1	0	-1	0	-1	0	1	0	0	0	0
NCI-H1694	0	1	0	1	0	1	1	1	0	0	-1	1	-1	-1	0	1	1	-1	1	1	0	1	1	1
NCI-H1703	0		-1	0	1	0	0	0	0	-1	-1	0		-1	0	0		-1	0	0		0	0	0
NCI-H1792	0	1	-1	1	1	0	1	0	1	0	-1	1		0	1	-1	1	-1	0	1	0	0	0	1
NCI-H1793	1	1	0	1	0	0	0	1	1	0		1		0	1	0	0	-1	0	1	0	1	0	1
NCI-H1869	0	1	-1	0	0	1	0	1	1	0	-1	1	0	0	1	0	1	-1	1	0	0	0	0	0
NCI-H1915	1	1	-1	1	1	1	0	1	1	0	-1	1	-1	-1	0	-1	0	-1	-1	1	-1	0	0	1
NCI-H1944	1	1	-1	0	1	1	1	1	1	0	-1	1		0	1	0	1	-1	0	1	1	1	1	1
NCI-H1975	0	1	-1	1	1	1	0	1	1	1	-1	1	0	0	1	0	1	-1	1	1	0	0	0	1
NCI-H2009	0	1	-1	0	1	1	0	0	1	0	-1	1	-1	-1	1	-1	1	-1	0	1	0	0	0	0
NCI-H2023	0	0	-1	0	1	0	1	0	1	0	-1	1		-1	1	0	0	-1	1	1	0	0	0	1
NCI-H2030	0	1	-1	1	0	1	0	1	1	0	-1	0	-1	-1	1	-1	1	-1	0	1	-1	0	0	0
NCI-H2052	0	1	-1	1	1	0	0	0	1	0	-1	0		-1	1	0	0	-1	0	1	-1	0	0	0
NCI-H2085	1	0	-1	1	0	0	0	0	0	0	-1	0		0	0	0	1	-1	0	0	0	-1	1	1
NCI-H2087	0	0	-1	1	1	1	0	1	1	0	-1	0		-1	1	-1	0	-1	-1	0	0	0	0	1
NCI-H211	0	0	-1	1	0	1	0	0	0	1	-1	0	-1	-1	0	0	0	-1	0	1	0	0	0	1
NCI-H2122	0	0	-1	0	0	1	0	0	1	0	-1	1	-1	-1	0	-1	0	-1	-1	0	-1	0	0	0
NCI-H2170	0	0	-1	1	-1	1	0	0	1	0	-1	1	-1	-1	1	0	0	-1	1	1	0	0	0	-1
NCI-H2172	1	1	0	1	1	1	1	1	1	1		1	0	1	0	1	1	-1	1	0	1	1	1	1
NCI-H2228	0	1	-1	1	1	1	0	0	1	0	-1	0	-1	-1	1	0	1	-1	1	1	0	-1	0	0
NCI-H226	0	1	-1	1	1	1	1	1	1	1	-1	0		-1	1	0	1	-1	1	1	0	0	0	1
NCI-H2286	0	-1	-1	0	0	-1	-1	-1	0	0	-1	0	-1	-1	0	-1	-1	-1	-1	0	-1	-1	-1	0
NCI-H23	0	0	-1	1	1	0	0	0	0	0	-1	1		-1	-1	-1	1	-1	0	0	-1	0	0	1
NCI-H2444	0	1	-1	1	0	1	0	1	1	0	-1	1	-1	0	0	-1	0	-1	0	1	0	1	1	1
NCI-H2452	0	1	-1	1	1	0	0	1	1	0	-1	0	-1	-1	0	0	0	-1	0	0	-1	0	0	0
NCI-H28	0	1	-1	1	0	1	0	0	1	0	-1	1		0	1	0	0	-1	0	1	0	0	1	0
NCI-H322	0	1	-1	1	0	1	0	1	1	0	-1	1	-1	0	1	-1	1	-1	-1	1	0	0	1	0
NCI-H3255	0	0	-1	1	-1	1	-1	0	1	-1	-1	1	-1	0	1	0	1	-1	0	1	0	-1	1	-1
NCI-H358	0	1	-1	1	0	1	0	0	0	0	-1	1		-1	0	-1	0	-1	-1	0	0	0	0	0
NCI-H441	0	1	-1	1	1	0	0	1	1	0	-1	1	-1	-1	1	0	0	-1	0	1	0	0	0	1
NCI-H460	0		-1	1	1	1	1	1	0	0	-1	1		-1	1	0		-1	0	1	0	0	1	1
NCI-H520	0	1	-1	1	1	1	0	1	1	0	-1	1	-1	-1	0	1	0	-1	1	1	0	0	0	1
NCI-H522	0	1	-1	1	0	1	0	0	1	0	-1	0	-1	0	0	0	1	-1	1	1	0	0	0	1
NCI-H647	1	0	-1	0	1	1	0	1	1	0	-1	0		0	0	0	0	-1	1	1	1	1	1	1
NCI-H650	0	1	-1	0	1	1	1	1	1	0	-1	1		0	0	0	1	-1	0	1	0	0	0	1
NCI-H661	0	0	0	0	1	1	0	0	1	0	-1	1	-1	0	0	1	1	-1	1	1	0	0	1	1
NCI-H727	0	0	-1	1	0	1	0	0	0	0	-1	1	0	1	1	-1	1	0	0	1	1	0	1	1
NCI-H747	0	0	-1	1	0	1	0	0	1	0	-1	0		-1	0	-1	0	-1	-1	1	0	0	1	0
NCI-H810	0	0	0	1	1	0	1	0	0	1	-1	0	-1	0	0	1	1	-1	1	1	0	0	0	1
NCI-N87	0	0	-1	1	-1	0	-1	0	0	0	-1	1		-1	0	-1	0	-1	0	0	0	0	0	0
NCO2	0	-1	-1	0	0	0	-1	-1	0	-1	-1	-1	-1	-1	0	-1	0	-1	-1	0	-1	-1	-1	0
NIH:OVCAR-3	0	1	-1	1	0	0	-1	0	1	0	-1	0	-1	-1	1	0	1	-1	0	1	-1	-1	0	0
NUGC-3	0	0	-1	1	0	1	0	1	0	0	-1	0	-1	-1	0	-1	1	-1	0	0	0	0	0	0
NUGC-4	0	0	-1	0	-1	0	-1	0	1	-1	-1	1		-1	1	-1	0	-1	-1	1	0	1	0	-1
OC 314	1	1	-1	1	1	1	0	1	1	0	-1	1		-1	1	0	1	-1	1	1	0	1	0	1
OC 315	1	1	-1	1	1	1	1	0	1	0	-1	1	-1	-1	1	0	1	-1	0	1	0	1	0	1
OC 316	1	1	-1	1	1	1	1	1	1	0	-1	1	-1	-1	1	1	1	-1	1	1	0	1	0	1
OCI-AML2	0	0	-1	1	1	0	1	0	1	1	-1	0	-1	-1	1	-1	0	-1	-1	0	0	-1	0	1
OCI-AML5	-1	0	-1	0	1	0	0	0	0	-1	-1	-1	-1	-1	0	-1	0	-1	-1	0	0	-1	-1	0
OCI-LY10	1		-1	1	1	1	1	1	1	1	-1	1		0	0	1		-1	0	1	0	1	1	1
OCUM-1	0	1	-1	1	1	0	1	0	1	1	-1	1	-1	-1	0	-1	0	-1	-1	1	0	0	0	1
OE21	0	0	-1	1	0	1	0	0	1	0	-1	1	-1	-1	-1	-1	0	-1	0	1	0	0	0	-1
OE33	0	1	-1	0	0	1	0	-1	1	0	-1	1	-1	-1	0	0	0	-1	0	1	0	0	1	0
ONCO-DG-1	0	0	-1	1	0	1	0	1	0	0	-1	1	-1	-1	1	0	0	-1	0	1	0	0	0	0
ONS-76	1	1	0	1	1	1	0	1	1	1	-1	0	-1	-1	1	-1	1		-1	1	0	1	0	1
OPM-2	0	1	-1	0	1	1	0	1	0	1	-1	1	-1	-1	1	0	1	-1	1	1	1	0	1	0
OV-90	0	0	-1	1	1	1	1	0	1	1	-1	1	-1	-1	0	-1	1	-1	-1	1	0	-1	1	1
OVCAR-4	1	1	-1	1	1	1	1	1	1	1	-1	0	0	-1	-1	0	1	-1	1	1	0	0	1	1
OVCAR-8	0	0	-1	1	0	1	0	0	1	0	-1	0	-1	-1	1	0	1	-1	1	1	0	0	0	0
OVMANA	0	1	-1	1	0	0	0	0	1	0	-1	0	-1	-1	0	1	1	-1	0	0	0	0	1	1
OVSAHO	1	1	0	1	1	1	0	1	1	1	-1	1	0	0	1	0	1	-1	0	1	0	0	1	1
OVTOKO	0	1	-1	1	0	0	0	1	1		-1	0	-1	-1	1	0	1	-1	1		-1	0	0	0
P12-ICHIKAWA	0	0	-1	0	0	0	1	0	0	0	-1	0	-1	-1	0	-1	0	-1	0	0	-1	-1	0	0
P31/FUJ	0	1	-1	0	1	0	1	0	0	1	-1	0	-1	-1	0	-1	1	-1	-1	1	-1	0	0	0
P3HR-1	0	1	-1	0	1	1	1	1	1	0	-1	1		-1	0	1	0	-1	1	1	1	1	1	1
Panc 02.03	0	1	-1	1	0	0	0	0	1	0	-1	0	-1	-1	1	-1	0	-1	-1	1	0	0	0	0
Panc 03.27	0	1	-1	1	0	1	0	0	0	0	-1	1	-1	-1	-1	-1	1	-1	0	1	-1	0	1	1
Panc 04.03	0	0	-1	1	0	1	0	0	1	1	-1	1	0	0	1	-1	1	-1	0	1	0	0	1	1
Panc 10.05	0	1	-1	1	0	1	0	0	1	0	-1	0	-1	-1	1	-1	1	-1	-1	1	0	0	1	0
PA-TU-8902	0		-1	0	1	1	0	1	1	0	-1	1		-1	0	-1		-1	0	1		0	0	1
PC-14	0		-1	0	0	1	-1	0	0	-1	-1	1		-1	0	0		-1	0	1		0	0	-1
PC-3	1	1	-1	1	1	1	0	1	1	0	-1	1	0	0	1	1	1	-1	1	1	0	0	0	0
Pfeiffer	0	0	-1	0	1	1	0	0	1	-1	-1	1		-1	0	0	0	-1	1	1	-1	0	0	0
PK-1	0	1	-1	1	0	1	0	1	1	0	-1	0	-1	-1	1	-1	1	-1	0	1	0	0	0	0
PK-45H	0	1	-1	1	1	1	0	0	1	0	-1	1	-1	0	1	-1	1	-1	-1	0	0	0	0	1
PK-59	0	1	-1	1	0	1	0	1	1	1	-1	1	-1	-1	1	-1	1	-1	0	1	0	0	0	1
PL45	0	1	-1	1	1	0	0	1	1	0	-1	1	-1	-1	1	-1	1	-1	0	1	1	0	1	1
PLC/PRF/5	0	0	-1	1	0	0	0	0	1	0	-1	1	-1	0	1	0	0	-1	0	1	-1	0	0	1
PSN1	0		-1	0	1	1	1	1	0	1	-1	1		-1	1	-1		-1	-1	1		0	1	1
QGP-1	0		-1	0	1	1	0	1	1	1	-1	0		0	0	-1		-1	-1	0		0	0	0
Raji	1	1	0	1	1	0	1	1	1	0	-1	1		-1	1	0	1	-1	1	1	0	1	1	1
RD	0		-1	0	1	1	0	0	1	0	-1	1		-1	0	-1	1	-1	-1	1	0	0	1	1
Reh	0	0	-1	1	1	0	1	0	0	1	-1	1		-1	0	1	0	-1	1	0		0	0	1
RERF-GC-1B	0	1	0	1	0	1	-1	1	1	-1	-1	1		-1	1	0	1	-1	0	0	1	0	0	1
RERF-LC-AI	0	1	-1	1	1	1	1	1	1	1	-1	1	-1	-1	1	0	1	-1	0	1	0	0	0	1
RERF-LC-MS	1	1	-1		1	1	1	1	1	0	-1	1		0		0	1	-1		1	1	1	1	1
RKN	1	0	-1	1	1	0	0	1	1	0	-1	1	-1	-1	1	-1	0	-1	-1	1	0	1	1	1
RKO	0	0	-1	1	1	0	0	0	1	0	-1	0	-1	-1	1	-1	0	-1	-1	0	0	0	0	1
RL95-2	0	1	-1	1	0	0	0	0	1	0	-1	1	-1	0	1	-1	0	-1	-1	1	-1	0	0	0
RPMI-7951	0		-1	0	1	1	0	0	1	0	-1	1		-1	0	0		-1	0	0	0	0	0	1
RPMI-8402	0	0	-1	0	0	0	0	0	0	0	-1	0	-1	-1	0	1	-1	-1	0	1	0	-1	0	0
RT-112	-1	1	-1	1	0	0	0	0	1	0	-1	0	-1	-1	1	-1	0	-1	0	1	0	-1	-1	1
RT4	0	0	-1	0	0	0	-1	0	1	-1	-1	0	-1	-1	0	-1	0	-1	0	1	0	-1	-1	0
RVH-421	1	1	-1	1	1	0	1	1	1	0	-1	1	0	0	1	-1	0	-1	-1	-1	0	1	0	1
Saos-2	0	0	-1	1	0	1	0	0	1	0	-1	1	-1	-1	1	1	1	-1	1	1	0	0	0	1
SBC-5	0	0	-1	1	1	0	1	0	1	1	-1	0	-1	-1	1	0	1	-1	0	1	0	0	0	1
SCaBER	0	1	-1	1	0	1	0	1	1	0	-1	0	-1	-1	0	-1	0	-1	0	1	0	0	0	-1
SCC-9	0		-1	0	0	1	0	1	1	-1	-1	1		-1	0	-1		-1	0	1	0	1	0	-1
SF126	0	0	-1	1	1	1	0	1	1	0	-1	0	-1	-1	1	0	1	-1	1	1	0	0	0	1
SF-295	0	1	-1	1	1	1	1	0	1	1	-1	1	-1	-1	1	0	1	-1	1	1	0	0	0	1
SF8657	0	1	-1	1	1	1	1	1	1	1	-1	1	0	0	1	0	1	-1	0	1	0	0	0	1
SH-10-TC	1	1	-1	1	1	1	1	1	1	1	-1	0	0	0	0	1	1	-1	1	1	0	0	1	1
SHP-77	1	1	-1	1	1	1	1	0	1	1	-1	1	0	0	1	0	1	-1	1	1	1	0	0	1
SIG-M5	-1	-1	-1	0	0	-1	-1	0	-1	0	-1	-1	-1	-1	0	-1	-1	-1	-1	-1	-1	-1	-1	0
SIMA	-1	0	-1	1	0	0	0	0	0	0	-1	0	-1	-1	0	-1	0	-1	0	1	-1	-1	0	1
SJRH30	0	1	-1	1	1	1	1	0	0	0	-1	0		-1	1	1	1	-1	0	1	0	-1	0	1
SJSA-1	0		-1	0	1	0	0	0	1	0	-1	0		-1	0	0	0	-1	0	1	0	0	0	1
SK-BR-3	0	1	-1	1	-1	1	1	1	1	0	-1	0	-1	-1	1	1	1	-1	1	1	0	1	1	0
SK-CO-1	0	0	-1	1	0	0	0	0	0	0	-1	1		-1	1	-1	1	-1	-1	1	0	-1	0	0
SK-ES-1	0	0	-1	1	1	1	0	0	0	0	-1	0	-1	-1	1	1	0	-1	0	0	-1	-1	0	0
SK-HEP-1	0	1	0	1	1	0	1	1	1	1	-1	1	0	0	1	0	1	-1	0	1	-1	1	0	1
SK-LMS-1	0		-1	0	0	0	0	0		0	-1	1		-1	-1	-1		-1	0	0		0	0	0
SK-LU-1	0	1	-1	0	0	0	0	0	1	0	-1	1	-1	-1	0	-1	0	-1	0	0	-1	0	0	0
SK-MEL-2	1	0	-1	0	0	-1	1	1	1	1	-1	0	-1	0	0	-1	1	-1	0	1	0	0	0	1
SK-MEL-24	0	0	-1	1	1	1	0	1	1	0	-1	1	-1	0	0	-1	1	-1	-1	0	0	0	1	1
SK-MEL-30	1	1	0	1	1	1	1	1	1	1	-1	1	0	0	1	-1	1	-1	-1	1	0	1	1	1
SK-MEL-31	0	0	-1	1	0	1	1	0	1	0	-1	1	0	0	0	0	1	-1	0	1	0	0	0	1
SK-MEL-5	0	1	0	1	1	0	1	1	1	1	-1	0	-1	-1	0	-1	1	-1	-1	-1	-1	0	0	1
SK-MES-1	0		-1	0	-1	0	-1	0		-1	-1	0		-1	-1	-1		-1	0	0		-1	0	-1
SK-MM-2	0	0	-1	0	0	1	0	0	1	0	-1	0	0	-1	0	-1	0	-1	0	1	-1	0	0	0
SK-N-AS	0		-1	1	1	1	1	0	1	0	-1	1		-1	0	-1	0	-1	-1	1		0	1	1
SK-N-BE(2)	0	0	-1	1	1	1	1	0	0	0	-1	1	-1	-1	1	-1	-1	-1	0	1	0	-1	0	1
SK-N-DZ	0		-1	1	1	1	0	0	0	0	-1	1		-1	0	1	0	-1	0	1	0	0	0	1
SK-N-FI	-1		-1	0	1	1	0	1	0	0	-1	0		0	0	0		-1	0	1	0	-1	0	1
SK-N-SH	-1	0	-1	0	0	0	0	0	1	0	-1	0		-1	0	0	0	-1	0	0	0	-1	0	0
SK-OV-3	0	1	-1	1	0	0	0	1	1	0	-1	1	-1	-1	-1	0	1	-1	1	1	0	0	0	0
SNG-M	1	1	-1	0	0	1	0	1	0	0	-1	1	-1	-1	1	0	1	-1	0	1	-1	0	0	0
SNU-1	0	0	-1	1	1	0	0	0	1	1	-1	0		-1	1	-1	0	-1	0	1	0	0	0	1
SNU-16	0	0	-1	0	0	1	1	0	0	-1	-1	0		-1	1	0	0	-1	1	0	-1	-1	-1	1
SNU-182	0	1	-1	0	1	1	0	1	1	0	-1	1		0	1	0	1	-1	0	1	0	0	1	0
SNU-387	0		-1	0	0	0	0	0	1	0	-1	0		0	0	0		-1	1	0		0	1	0
SNU-398	0		-1	0	1	0	0	0	0	0	-1	0		-1	0	-1		-1	0	0	0	0	0	1
SNU-423	1	1	-1	0	1	1	1	1	0	1	-1	1		0	0	1	0	-1	1	1	0	1	1	1
SNU-449	0	1	0	1	1	1	0	1	1	0	-1	0	0	0	1	0	1	0	1	1	0	1	1	1
SNU-475	0		-1	0	0	0	0	0	1	0	-1	0		-1	-1	0		-1	0	0	0	0	0	0
SNU-C2A	0	1	-1	1	1	0	0	0	1	0	-1	0		-1	0	0	1	-1	0	1	0	0	1	1
SNU-C2B	0	0	-1	1	0	0	0	0	0	-1	-1	1		-1	-1	-1	1	-1	-1	1	0	0	0	1
Sq-1	0		-1	0	0	1	0	1	1	-1	-1	0		-1	-1	0		-1	0	0		0	0	0
SU.86.86	0		-1	1	1	1	1	1	1	0	-1	1		-1	0	0	1	-1	0	1	0	1	1	1
SU-DHL-10	0	1	-1	1	0	1	1	0	0	0	-1	1	-1	-1	1	0	0	-1	1	1	0	0	0	1
SU-DHL-4	0	0	-1	-1	0	0	-1	-1	0	-1	-1	0	-1	-1	0	0	-1	-1	0	0	0	-1	0	0
SU-DHL-6	0	0	-1	-1	0	1	0	0	-1	0	-1	0	-1	-1	0	0	0	-1	0	0	0	0	0	1
SU-DHL-8	0	0	-1	0	0	0	0	0	0	0	-1	0	-1	-1	0	0	-1	-1	0	0	0	0	0	0
SUIT-2	0	1	-1	1	1	1	0	1	1	0	-1	0	-1	-1	1	-1	1	-1	-1	1	0	0	0	0
SUP-M2	1	1	-1	0	1	1	1	0	1	1	-1	1	-1	-1	-1	0	0	-1	0	1	0	-1	1	1
SUP-T1	0	0	-1	1	1	1	0	1	1	0	-1	1		-1	0	1	1	-1	1	1	1	0	1	1
SW 1088	1	0	-1	1	0	1	1	1	1	1	-1	1		0	1	1	1	-1	1	1	0	0	0	1
SW 1271	0	0	-1	0	1	0	0	0	1	0	-1	1	-1	-1	0	-1	1	-1	0	0	0	0	1	1
SW 1353	0	1	-1	1	1	0	0	0	1	0	-1	1	-1	-1	1	0	1	-1	0	1	0	0	0	1
SW1417	0		-1	0	0	1	-1	0	1	0	-1	0		-1	1	-1	1	-1	-1	0	0	0	0	1
SW 1573	0		-1	1	1	1	0	0	1	0	-1	1		-1	0	0		-1	0	1		0	0	1
SW 1990	0	0	-1	1	0	0	0	0	1	0	-1	1		-1	1	-1	1	-1	0	0	0	0	0	0
SW403	0	1	-1	1	0	1	0	0	1	0	-1	1	-1	-1	0	-1	0	-1	-1	1	0	-1	0	0
SW48	-1	1	-1	1	-1	0	0	0	0	-1	-1	0	-1	-1	1	-1	0	-1	-1	1	0	-1	0	-1
SW480	0	1	-1	1	1	0	1	1	1	0	-1	1	-1	-1	1	-1	1	-1	-1	1	0	0	0	1
SW579	1	0	-1	1	1	0	0	1	1	-1	-1	0	-1	-1	0	0	1	-1	1	0	0	0	-1	1
SW620	0	1	-1	1	1	1	1	0	1	0	-1	1	-1	-1	1	-1	0	-1	-1	1	0	0	0	1
SW 780	0	1	-1	1	0	0	1	1	1	0	-1	1	-1	0	0	-1	1	-1	0	1	0	0	0	0
SW 900	1	1	-1	1	1	1	1	0	1	1	0	1		0	0	0	1	-1	1	1	0	1	1	1
T24	0	1	-1	1	1	0	0	0	1	0	-1	0	-1	-1	0	-1	0	-1	0	0	-1	0	0	0
T3M-10	1	1	-1	1	0	1	1	1	1	0	-1	1	0	0	0	-1	1	-1	0	1	0	1	1	1
T-47D	0	0	0	1	0	1	0	1	1	1	-1	1		0	0	1	0	-1	0	1	0	1	1	1
T84	0	0	-1	1	1	0	0	0	0	0	-1	0	-1	0	1	-1	0	-1	0	0	0	-1	1	0
T98G	0	1	-1	1	1	0	0	1	1	0	-1	0	0	0	1	0	1	-1	0	0	0	0	0	0
TC-71	1	1	0	1	1	1	1	0	1	1	-1	1	-1	-1	1	1	1	-1	1	1	1	0	0	1
TCCSUP	1	1	-1	0	1	1	1	1	1	1	-1	1	-1	-1	1	1	1	-1	1	1	0	0	0	1
TE-1	0		-1	0	0	1	0	1	1	0	-1	1		-1	0	0		-1	0	1		0	0	0
TE-11	0		-1	0	-1	0	0	0			-1	0		-1	0	0		-1	1			0	0	-1
TE-15	0		-1	0	0	0	-1	1	0	-1	-1	1		-1	0	-1		-1	-1	0		0	0	0
TE-5	1		-1	1	1	1	0	1	1	0	-1	1		-1	0	0		-1	0	1		1	1	1
TE 617.T	0	0	-1	0	-1	0	-1	0	1	-1	-1	0	-1	-1	0	-1	0	-1	-1	1	-1	-1	0	0
TE-9	0	0	-1	1	0	1	0	1	0	0	-1	0	-1	-1	1	0	1	-1	0	1	0	0	0	0
TEN	0	0	-1	0	0	0	0	0	0	0	-1	1	-1	-1	0	1	0	-1	0	0	0	0	1	1
Toledo	0	1	0	1	1	1	1	1	1	1	-1	1		-1	1	1	1	-1	1	1	1	1	1	1
TOV-112D	1	1	-1	1	1	0	0	0	1	0	-1	0	-1	-1	1	0	0	-1	1	1	0	0	0	0
TOV-21G	1	1	-1	1	0	1	0	1	1	0	-1	0	-1	-1	0	0	1	-1	0	0	-1	0	0	0
TT2609-C02	0	0	-1	1	1	1	0	0	0	0	-1	0	-1	-1	-1	-1	0	-1	-1	1	-1	-1	0	0
TYK-nu	0	1	-1	1	0	1	0	0	1	0	-1	0	-1	-1	0	0	1	-1	0	1	0	0	0	1
U-118 MG	0	1	-1	1	1	1	1	1	1	0	-1	1	-1	-1	0	1	1	-1	1	1	0	0	0	1
U-2 OS	0	0	-1	1	0	0	0	0	0	-1	-1	0	-1	-1	1	0	1	-1	0	0	0	0	0	1
U-87 MG	1	1	-1	1	0	1	1	0	1	1	-1	1	0	0	1	0	0	-1	1	1	0	0	1	1
U-937	0	0	-1	0	1	1	0	0	0	0	-1	0	-1	-1	1	0	0	-1	0	1	0	0	0	0
UACC-257	0		-1	1	1	1	1	1	1	0	-1	1		-1	1	-1		-1	-1	-1	0	1	1	1
UACC-62	0		-1	0	0	0	0	0		0	-1	1		-1	0	-1		-1	-1	-1	-1	0	0	0
UACC-812	1	0	-1	1	0	1	0	1	1	0	-1	1	0	0	1	0	1	-1	0	1	0	0	1	1
UM-UC-3	1	1	-1	1	1	1	0	1	1	0	-1	1	-1	-1	0	0	1	-1	0	1	1	1	1	1
VMRC-LCD	0	0	-1	0	1	0	0	0	1	0	-1	0		-1	0	0	0	-1	0	1	1	0	0	1
VMRC-RCW	-1	0	1	0	0	1	0	0	1	0	-1	0	-1	1	0	1	1	0	1	1	1	0	0	1
VMRC-RCZ	0	1	-1	1	0	1	0	0	0	0	-1	0	0	-1	1	0	0	-1	0	1	0	0	0	0
WM-115	1		-1	1	1	1	1	1	1	0	-1	1		0	0	-1		-1	0	0	0	1	1	1
WM1799	0	0	-1	0	1	0	0	1	1	0	-1	0	-1	-1	0	-1	0	-1	-1	0	-1	0	0	0
WM-266-4	1		-1	1	1	0	1	0	1	0	-1	1		-1	1	-1		-1	-1	0	0	1	0	1
WM-793	0	0	-1	0	0	0	0	0	0	0	-1	1	-1	-1	0	-1	0	-1	-1	0	-1	0	0	1
WM-88	0	0	-1	1	1	0	0	0	1	0	-1	0	-1	-1	1	-1	0	-1	-1	-1	-1	0	0	1
WM-983B	-1	0	-1	0	-1	0	-1	0	0	-1	-1	0	-1	-1	0	-1	-1	-1	-1	-1	-1	-1	0	0
YKG1	0	1	-1	1	1	1	0	0	0	1	-1	1	0	0	0	0	0	-1	0	1		0	0	1
ZR-75-1	0		-1	0	1	0	0	0	0	0	-1	0		-1	0	0		-1	0	0	0	0	0	0
ZR-75-30	1	1	-1	1	-1	1	1	1	1	1	-1	0	0	1	1	1	1	-1	1	1	0	1	0	1
SCC-25			-1	0	0	0	0	1	1	-1		1		-1	0	0	0	-1	1	1	0	0	0	
